{"Mean":{"confidence_interval":{"confidence_level":0.95,"lower_bound":-0.17607011078312595,"upper_bound":-0.1750190621483479},"point_estimate":-0.1754412897684149,"standard_error":0.0002773382573369802},"Median":{"confidence_interval":{"confidence_level":0.95,"lower_bound":-0.17518650153824544,"upper_bound":-0.17493809481657563},"point_estimate":-0.17503301213153233,"standard_error":0.00006306156047149574}}