{"Mean":{"confidence_interval":{"confidence_level":0.95,"lower_bound":43708.34105555499,"upper_bound":43753.40154650987},"point_estimate":43728.96260976395,"standard_error":11.53741370837044},"Median":{"confidence_interval":{"confidence_level":0.95,"lower_bound":43682.70652173913,"upper_bound":43697.47507796735},"point_estimate":43685.40199123128,"standard_error":3.7387520359795454},"MedianAbsDev":{"confidence_interval":{"confidence_level":0.95,"lower_bound":12.714633856597567,"upper_bound":31.18425226508851},"point_estimate":19.544259514755318,"standard_error":4.319863163579107},"Slope":{"confidence_interval":{"confidence_level":0.95,"lower_bound":43713.79278658791,"upper_bound":43776.3897652816},"point_estimate":43741.912765659436,"standard_error":16.070751133423617},"StdDev":{"confidence_interval":{"confidence_level":0.95,"lower_bound":68.22230063456556,"upper_bound":159.996573081543},"point_estimate":115.99311006002156,"standard_error":23.847125069194366}}