{"Mean":{"confidence_interval":{"confidence_level":0.95,"lower_bound":-0.14188297356859106,"upper_bound":-0.14154525761604744},"point_estimate":-0.14173924039678776,"standard_error":0.00008621170137890009},"Median":{"confidence_interval":{"confidence_level":0.95,"lower_bound":-0.14188099398411447,"upper_bound":-0.14179557659764264},"point_estimate":-0.14183693458101954,"standard_error":0.00002302439220768023}}