{"Mean":{"confidence_interval":{"confidence_level":0.95,"lower_bound":6893.589620479755,"upper_bound":6899.930454740113},"point_estimate":6896.426817824503,"standard_error":1.6260251237660737},"Median":{"confidence_interval":{"confidence_level":0.95,"lower_bound":6888.9252228023,"upper_bound":6892.687621832359},"point_estimate":6890.839404941429,"standard_error":0.9844268340578536},"MedianAbsDev":{"confidence_interval":{"confidence_level":0.95,"lower_bound":2.163321024796978,"upper_bound":7.158135961001835},"point_estimate":4.516626717542178,"standard_error":1.3030271006106464},"Slope":{"confidence_interval":{"confidence_level":0.95,"lower_bound":6889.315199954772,"upper_bound":6890.700080645361},"point_estimate":6889.950523147464,"standard_error":0.3535656747036247},"StdDev":{"confidence_interval":{"confidence_level":0.95,"lower_bound":8.244150064323126,"upper_bound":23.471455615557556},"point_estimate":16.308028993522143,"standard_error":3.9318374394314937}}