{"Mean":{"confidence_interval":{"confidence_level":0.95,"lower_bound":-0.16179269134875562,"upper_bound":-0.16093892417908764},"point_estimate":-0.16144256489080122,"standard_error":0.00021472233915819747},"Median":{"confidence_interval":{"confidence_level":0.95,"lower_bound":-0.16217513994625454,"upper_bound":-0.16162849831475723},"point_estimate":-0.16187563210433842,"standard_error":0.00014042182906442752}}