{"Mean":{"confidence_interval":{"confidence_level":0.95,"lower_bound":26694.69444863926,"upper_bound":26703.621989976324},"point_estimate":26698.69126040693,"standard_error":2.293513436875332},"Median":{"confidence_interval":{"confidence_level":0.95,"lower_bound":26691.67325898588,"upper_bound":26693.46148794446},"point_estimate":26692.36999933546,"standard_error":0.5423205990920068},"MedianAbsDev":{"confidence_interval":{"confidence_level":0.95,"lower_bound":2.4511127415731826,"upper_bound":5.083032280159973},"point_estimate":3.0534384418007003,"standard_error":0.6447969364926438},"Slope":{"confidence_interval":{"confidence_level":0.95,"lower_bound":26695.673892821993,"upper_bound":26710.39290159998},"point_estimate":26702.097337932537,"standard_error":3.8018174358223633},"StdDev":{"confidence_interval":{"confidence_level":0.95,"lower_bound":10.473445705615303,"upper_bound":32.16048138816194},"point_estimate":23.089136257459238,"standard_error":5.346617845397561}}