{"Mean":{"confidence_interval":{"confidence_level":0.95,"lower_bound":6530.4091564563305,"upper_bound":6532.186364066718},"point_estimate":6531.20443508967,"standard_error":0.4556118670557827},"Median":{"confidence_interval":{"confidence_level":0.95,"lower_bound":6529.508305160623,"upper_bound":6529.962964295997},"point_estimate":6529.739422369389,"standard_error":0.11101886326614248},"MedianAbsDev":{"confidence_interval":{"confidence_level":0.95,"lower_bound":0.4198985576667031,"upper_bound":0.8983350104452071},"point_estimate":0.6537889418935262,"standard_error":0.11415689550212386},"Slope":{"confidence_interval":{"confidence_level":0.95,"lower_bound":6530.435808603147,"upper_bound":6533.660464402843},"point_estimate":6531.880923864058,"standard_error":0.8298547782975025},"StdDev":{"confidence_interval":{"confidence_level":0.95,"lower_bound":2.2546192047279208,"upper_bound":6.43293372162243},"point_estimate":4.576215583287523,"standard_error":1.0546846100885485}}