{"Mean":{"confidence_interval":{"confidence_level":0.95,"lower_bound":-0.1392795133930874,"upper_bound":-0.13831479051562293},"point_estimate":-0.13881778672778378,"standard_error":0.0002462657780338116},"Median":{"confidence_interval":{"confidence_level":0.95,"lower_bound":-0.13966762217226025,"upper_bound":-0.13934597264998788},"point_estimate":-0.13959369013055856,"standard_error":0.000078790906725681}}