{"Mean":{"confidence_interval":{"confidence_level":0.95,"lower_bound":0.19575522535321277,"upper_bound":0.1967263285323705},"point_estimate":0.19631865415276262,"standard_error":0.0002519872889562401},"Median":{"confidence_interval":{"confidence_level":0.95,"lower_bound":0.19668084818182918,"upper_bound":0.19693665009707328},"point_estimate":0.1968725962628386,"standard_error":0.00007992610337722886}}