{"Mean":{"confidence_interval":{"confidence_level":0.95,"lower_bound":360.15738852822375,"upper_bound":360.2040276272113},"point_estimate":360.1784161428544,"standard_error":0.011993585867994514},"Median":{"confidence_interval":{"confidence_level":0.95,"lower_bound":360.1418997824996,"upper_bound":360.1605352081971},"point_estimate":360.15067874449403,"standard_error":0.004377101746133986},"MedianAbsDev":{"confidence_interval":{"confidence_level":0.95,"lower_bound":0.030848329806646573,"upper_bound":0.050952915317253586},"point_estimate":0.037904177278836305,"standard_error":0.005192003339735378},"Slope":{"confidence_interval":{"confidence_level":0.95,"lower_bound":360.1508124872479,"upper_bound":360.2124021311802},"point_estimate":360.177412864802,"standard_error":0.015893630482280496},"StdDev":{"confidence_interval":{"confidence_level":0.95,"lower_bound":0.06043531512389088,"upper_bound":0.16864261138143205},"point_estimate":0.1205622745210187,"standard_error":0.02772919623739684}}